customer_key,store_key,first_name,last_name,email,address_key,address,district,city_key,postal_code,phone
1,1,MARY,SMITH,MARY.SMITH@sakilacustomer.org,5,"1913 Hanoi Way",Nagasaki,463,35200,28303384290
2,1,PATRICIA,JOHNSON,PATRICIA.JOHNSON@sakilacustomer.org,6,"1121 Loja Avenue",California,449,17886,838635286649
3,1,LINDA,WILLIAMS,LINDA.WILLIAMS@sakilacustomer.org,7,"692 Joliet Street",Attika,38,83579,448477190408
4,2,BARBARA,JONES,BARBARA.JONES@sakilacustomer.org,8,"1566 Inegl Manor",Mandalay,349,53561,705814003527
5,1,ELIZABETH,BROWN,ELIZABETH.BROWN@sakilacustomer.org,9,"53 Idfu Parkway",Nantou,361,42399,10655648674
6,2,JENNIFER,DAVIS,JENNIFER.DAVIS@sakilacustomer.org,10,"1795 Santiago de Compostela Way",Texas,295,18743,860452626434
7,1,MARIA,MILLER,MARIA.MILLER@sakilacustomer.org,11,"900 Santiago de Compostela Parkway","Central Serbia",280,93896,716571220373
8,2,SUSAN,WILSON,SUSAN.WILSON@sakilacustomer.org,12,"478 Joliet Way",Hamilton,200,77948,657282285970
9,2,MARGARET,MOORE,MARGARET.MOORE@sakilacustomer.org,13,"613 Korolev Drive",Masqat,329,45844,380657522649
10,1,DOROTHY,TAYLOR,DOROTHY.TAYLOR@sakilacustomer.org,14,"1531 Sal Drive",Esfahan,162,53628,648856936185
11,2,LISA,ANDERSON,LISA.ANDERSON@sakilacustomer.org,15,"1542 Tarlac Parkway",Kanagawa,440,1027,635297277345
12,1,NANCY,THOMAS,NANCY.THOMAS@sakilacustomer.org,16,"808 Bhopal Manor",Haryana,582,10672,465887807014
13,2,KAREN,JACKSON,KAREN.JACKSON@sakilacustomer.org,17,"270 Amroha Parkway",Osmaniye,384,29610,695479687538
14,2,BETTY,WHITE,BETTY.WHITE@sakilacustomer.org,18,"770 Bydgoszcz Avenue",California,120,16266,517338314235
15,1,HELEN,HARRIS,HELEN.HARRIS@sakilacustomer.org,19,"419 Iligan Lane","Madhya Pradesh",76,72878,990911107354
16,2,SANDRA,MARTIN,SANDRA.MARTIN@sakilacustomer.org,20,"360 Toulouse Parkway",England,495,54308,949312333307
17,1,DONNA,THOMPSON,DONNA.THOMPSON@sakilacustomer.org,21,"270 Toulon Boulevard",Kalmykia,156,81766,407752414682
18,2,CAROL,GARCIA,CAROL.GARCIA@sakilacustomer.org,22,"320 Brest Avenue",Kaduna,252,43331,747791594069
19,1,RUTH,MARTINEZ,RUTH.MARTINEZ@sakilacustomer.org,23,"1417 Lancaster Avenue","Northern Cape",267,72192,272572357893
20,2,SHARON,ROBINSON,SHARON.ROBINSON@sakilacustomer.org,24,"1688 Okara Way","Nothwest Border Prov",327,21954,144453869132
21,1,MICHELLE,CLARK,MICHELLE.CLARK@sakilacustomer.org,25,"262 A Corua (La Corua) Parkway",Dhaka,525,34418,892775750063
22,1,LAURA,RODRIGUEZ,LAURA.RODRIGUEZ@sakilacustomer.org,26,"28 Charlotte Amalie Street",Rabat-Sal-Zammour-Z,443,37551,161968374323
23,2,SARAH,LEWIS,SARAH.LEWIS@sakilacustomer.org,27,"1780 Hino Boulevard",Liepaja,303,7716,902731229323
24,2,KIMBERLY,LEE,KIMBERLY.LEE@sakilacustomer.org,28,"96 Tafuna Way",Córdoba,128,99865,934730187245
25,1,DEBORAH,WALKER,DEBORAH.WALKER@sakilacustomer.org,29,"934 San Felipe de Puerto Plata Street",Sind,472,99780,196495945706
26,2,JESSICA,HALL,JESSICA.HALL@sakilacustomer.org,30,"18 Duisburg Boulevard",NULL,121,58327,998009777982
27,2,SHIRLEY,ALLEN,SHIRLEY.ALLEN@sakilacustomer.org,31,"217 Botshabelo Place","Southern Mindanao",138,49521,665356572025
28,1,CYNTHIA,YOUNG,CYNTHIA.YOUNG@sakilacustomer.org,32,"1425 Shikarpur Manor",Bihar,346,65599,678220867005
29,2,ANGELA,HERNANDEZ,ANGELA.HERNANDEZ@sakilacustomer.org,33,"786 Aurora Avenue",Yamaguchi,474,65750,18461860151
30,1,MELISSA,KING,MELISSA.KING@sakilacustomer.org,34,"1668 Anpolis Street",Taipei,316,50199,525255540978
31,2,BRENDA,WRIGHT,BRENDA.WRIGHT@sakilacustomer.org,35,"33 Gorontalo Way","West Bengali",257,30348,745994947458
32,1,AMY,LOPEZ,AMY.LOPEZ@sakilacustomer.org,36,"176 Mandaluyong Place","Uttar Pradesh",239,65213,627705991774
33,2,ANNA,HILL,ANNA.HILL@sakilacustomer.org,37,"127 Purnea (Purnia) Manor",Piemonte,17,79388,911872220378
34,2,REBECCA,SCOTT,REBECCA.SCOTT@sakilacustomer.org,38,"61 Tama Street",Okayama,284,94065,708403338270
35,2,VIRGINIA,GREEN,VIRGINIA.GREEN@sakilacustomer.org,39,"391 Callao Drive",Midi-Pyrnes,544,34021,440512153169
36,2,KATHLEEN,ADAMS,KATHLEEN.ADAMS@sakilacustomer.org,40,"334 Munger (Monghyr) Lane",Markazi,31,38145,481183273622
37,1,PAMELA,BAKER,PAMELA.BAKER@sakilacustomer.org,41,"1440 Fukuyama Loop",Henan,362,47929,912257250465
38,1,MARTHA,GONZALEZ,MARTHA.GONZALEZ@sakilacustomer.org,42,"269 Cam Ranh Parkway",Chisinau,115,34689,489783829737
39,1,DEBRA,NELSON,DEBRA.NELSON@sakilacustomer.org,43,"306 Antofagasta Place","Esprito Santo",569,3989,378318851631
40,2,AMANDA,CARTER,AMANDA.CARTER@sakilacustomer.org,44,"671 Graz Street",Oriental,353,94399,680768868518
41,1,STEPHANIE,MITCHELL,STEPHANIE.MITCHELL@sakilacustomer.org,45,"42 Brindisi Place",Yerevan,586,16744,42384721397
42,2,CAROLYN,PEREZ,CAROLYN.PEREZ@sakilacustomer.org,46,"1632 Bislig Avenue",Nonthaburi,394,61117,471675840679
43,2,CHRISTINE,ROBERTS,CHRISTINE.ROBERTS@sakilacustomer.org,47,"1447 Imus Way",Tahiti,167,48942,539758313890
44,1,MARIE,TURNER,MARIE.TURNER@sakilacustomer.org,48,"1998 Halifax Drive",Lipetsk,308,76022,177727722820
45,1,JANET,PHILLIPS,JANET.PHILLIPS@sakilacustomer.org,49,"1718 Valencia Street",Antofagasta,27,37359,675292816413
46,2,CATHERINE,CAMPBELL,CATHERINE.CAMPBELL@sakilacustomer.org,50,"46 Pjatigorsk Lane","Moscow (City)",343,23616,262076994845
47,1,FRANCES,PARKER,FRANCES.PARKER@sakilacustomer.org,51,"686 Garland Manor",Cear,247,52535,69493378813
48,1,ANN,EVANS,ANN.EVANS@sakilacustomer.org,52,"909 Garland Manor",Tatarstan,367,69367,705800322606
49,2,JOYCE,EDWARDS,JOYCE.EDWARDS@sakilacustomer.org,53,"725 Isesaki Place",Mekka,237,74428,876295323994
50,1,DIANE,COLLINS,DIANE.COLLINS@sakilacustomer.org,54,"115 Hidalgo Parkway",Khartum,379,80168,307703950263
51,1,ALICE,STEWART,ALICE.STEWART@sakilacustomer.org,55,"1135 Izumisano Parkway",California,171,48150,171822533480
52,1,JULIE,SANCHEZ,JULIE.SANCHEZ@sakilacustomer.org,56,"939 Probolinggo Loop",Galicia,1,4166,680428310138
53,1,HEATHER,MORRIS,HEATHER.MORRIS@sakilacustomer.org,57,"17 Kabul Boulevard",Chiba,355,38594,697760867968
54,1,TERESA,ROGERS,TERESA.ROGERS@sakilacustomer.org,58,"1964 Allappuzha (Alleppey) Street",Yamaguchi,227,48980,920811325222
55,2,DORIS,REED,DORIS.REED@sakilacustomer.org,59,"1697 Kowloon and New Kowloon Loop",Moskova,49,57807,499352017190
56,1,GLORIA,COOK,GLORIA.COOK@sakilacustomer.org,60,"1668 Saint Louis Place",Tahiti,397,39072,347487831378
57,2,EVELYN,MORGAN,EVELYN.MORGAN@sakilacustomer.org,61,"943 Tokat Street",Vaduz,560,45428,889318963672
58,1,JEAN,BELL,JEAN.BELL@sakilacustomer.org,62,"1114 Liepaja Street",Sarawak,282,69226,212869228936
59,1,CHERYL,MURPHY,CHERYL.MURPHY@sakilacustomer.org,63,"1213 Ranchi Parkway",Karnataka,350,94352,800024380485
60,1,MILDRED,BAILEY,MILDRED.BAILEY@sakilacustomer.org,64,"81 Hodeida Way",Rajasthan,231,55561,250767749542
61,2,KATHERINE,RIVERA,KATHERINE.RIVERA@sakilacustomer.org,65,"915 Ponce Place",Basel-Stadt,56,83980,1395251317
62,1,JOAN,COOPER,JOAN.COOPER@sakilacustomer.org,66,"1717 Guadalajara Lane",Missouri,441,85505,914090181665
63,1,ASHLEY,RICHARDSON,ASHLEY.RICHARDSON@sakilacustomer.org,67,"1214 Hanoi Way",Nebraska,306,67055,491001136577
64,2,JUDITH,COX,JUDITH.COX@sakilacustomer.org,68,"1966 Amroha Avenue",Sichuan,139,70385,333489324603
65,2,ROSE,HOWARD,ROSE.HOWARD@sakilacustomer.org,69,"698 Otsu Street",Cayenne,105,71110,409983924481
66,2,JANICE,WARD,JANICE.WARD@sakilacustomer.org,70,"1150 Kimchon Manor","Skne ln",321,96109,663449333709
67,1,KELLY,TORRES,KELLY.TORRES@sakilacustomer.org,71,"1586 Guaruj Place",Hunan,579,5135,947233365992
68,1,NICOLE,PETERSON,NICOLE.PETERSON@sakilacustomer.org,72,"57 Arlington Manor","Madhya Pradesh",475,48960,990214419142
69,2,JUDY,GRAY,JUDY.GRAY@sakilacustomer.org,73,"1031 Daugavpils Parkway",Béchar,63,59025,107137400143
70,2,CHRISTINA,RAMIREZ,CHRISTINA.RAMIREZ@sakilacustomer.org,74,"1124 Buenaventura Drive",Mekka,13,6856,407733804223
71,1,KATHY,JAMES,KATHY.JAMES@sakilacustomer.org,75,"492 Cam Ranh Street","Eastern Visayas",61,50805,565018274456
72,2,THERESA,WATSON,THERESA.WATSON@sakilacustomer.org,76,"89 Allappuzha (Alleppey) Manor","National Capital Reg",517,75444,255800440636
73,2,BEVERLY,BROOKS,BEVERLY.BROOKS@sakilacustomer.org,77,"1947 Poos de Caldas Boulevard",Chiayi,114,60951,427454485876
74,1,DENISE,KELLY,DENISE.KELLY@sakilacustomer.org,78,"1206 Dos Quebradas Place","São Paulo",431,20207,241832790687
75,2,TAMMY,SANDERS,TAMMY.SANDERS@sakilacustomer.org,79,"1551 Rampur Lane",Changhwa,108,72394,251164340471
76,2,IRENE,PRICE,IRENE.PRICE@sakilacustomer.org,80,"602 Paarl Street",Pavlodar,402,98889,896314772871
77,2,JANE,BENNETT,JANE.BENNETT@sakilacustomer.org,81,"1692 Ede Loop","São Paulo",30,9223,918711376618
78,1,LORI,WOOD,LORI.WOOD@sakilacustomer.org,82,"936 Salzburg Lane","Uttar Pradesh",425,96709,875756771675
79,1,RACHEL,BARNES,RACHEL.BARNES@sakilacustomer.org,83,"586 Tete Way",Kanagawa,256,1079,18581624103
80,1,MARILYN,ROSS,MARILYN.ROSS@sakilacustomer.org,84,"1888 Kabul Drive","Oyo & Osun",217,20936,701457319790
81,1,ANDREA,HENDERSON,ANDREA.HENDERSON@sakilacustomer.org,85,"320 Baiyin Parkway",Mahajanga,319,37307,223664661973
82,1,KATHRYN,COLEMAN,KATHRYN.COLEMAN@sakilacustomer.org,86,"927 Baha Blanca Parkway",Krim,479,9495,821972242086
83,1,LOUISE,JENKINS,LOUISE.JENKINS@sakilacustomer.org,87,"929 Tallahassee Loop",Gauteng,497,74671,800716535041
84,2,SARA,PERRY,SARA.PERRY@sakilacustomer.org,88,"125 Citt del Vaticano Boulevard",Puebla,40,67912,48417642933
85,2,ANNE,POWELL,ANNE.POWELL@sakilacustomer.org,89,"1557 Ktahya Boulevard",England,88,88002,720998247660
86,2,JACQUELINE,LONG,JACQUELINE.LONG@sakilacustomer.org,90,"870 Ashqelon Loop",Songkhla,489,84931,135117278909
87,1,WANDA,PATTERSON,WANDA.PATTERSON@sakilacustomer.org,91,"1740 Portoviejo Avenue",Sucre,480,29932,198123170793
88,2,BONNIE,HUGHES,BONNIE.HUGHES@sakilacustomer.org,92,"1942 Ciparay Parkway",Cheju,113,82624,978987363654
89,1,JULIA,FLORES,JULIA.FLORES@sakilacustomer.org,93,"1926 El Alto Avenue","Buenos Aires",289,75543,846225459260
90,2,RUBY,WASHINGTON,RUBY.WASHINGTON@sakilacustomer.org,94,"1952 Chatsworth Drive",Guangdong,332,25958,991562402283
91,2,LOIS,BUTLER,LOIS.BUTLER@sakilacustomer.org,95,"1370 Le Mans Avenue","Brunei and Muara",53,52163,345679835036
92,2,TINA,SIMMONS,TINA.SIMMONS@sakilacustomer.org,96,"984 Effon-Alaiye Avenue",Gois,183,17119,132986892228
93,1,PHYLLIS,FOSTER,PHYLLIS.FOSTER@sakilacustomer.org,97,"832 Nakhon Sawan Manor","Inner Mongolia",592,49021,275595571388
94,1,NORMA,GONZALES,NORMA.GONZALES@sakilacustomer.org,98,"152 Kitwe Parkway",Caraga,82,53182,835433605312
95,2,PAULA,BRYANT,PAULA.BRYANT@sakilacustomer.org,99,"1697 Tanauan Lane",Punjab,399,22870,4764773857
96,1,DIANA,ALEXANDER,DIANA.ALEXANDER@sakilacustomer.org,100,"1308 Arecibo Way",Georgia,41,30695,6171054059
97,2,ANNIE,RUSSELL,ANNIE.RUSSELL@sakilacustomer.org,101,"1599 Plock Drive",Tete,534,71986,817248913162
98,1,LILLIAN,GRIFFIN,LILLIAN.GRIFFIN@sakilacustomer.org,102,"669 Firozabad Loop","Abu Dhabi",12,92265,412903167998
99,2,EMILY,DIAZ,EMILY.DIAZ@sakilacustomer.org,103,"588 Vila Velha Manor",Kyongsangbuk,268,51540,333339908719
100,1,ROBIN,HAYES,ROBIN.HAYES@sakilacustomer.org,104,"1913 Kamakura Place",Lipetsk,238,97287,942570536750
101,1,PEGGY,MYERS,PEGGY.MYERS@sakilacustomer.org,105,"733 Mandaluyong Place",Asir,2,77459,196568435814
102,1,CRYSTAL,FORD,CRYSTAL.FORD@sakilacustomer.org,106,"659 Vaduz Drive","Ha Darom",34,49708,709935135487
103,1,GLADYS,HAMILTON,GLADYS.HAMILTON@sakilacustomer.org,107,"1177 Jelets Way","Kwara & Kogi",220,3305,484292626944
104,1,RITA,GRAHAM,RITA.GRAHAM@sakilacustomer.org,108,"1386 Yangor Avenue",Provence-Alpes-Cte,543,80720,449216226468
105,1,DAWN,SULLIVAN,DAWN.SULLIVAN@sakilacustomer.org,109,"454 Nakhon Sawan Boulevard",Funafuti,173,76383,963887147572
106,1,CONNIE,WALLACE,CONNIE.WALLACE@sakilacustomer.org,110,"1867 San Juan Bautista Tuxtepec Avenue",Ivanovo,225,78311,547003310357
107,1,FLORENCE,WOODS,FLORENCE.WOODS@sakilacustomer.org,111,"1532 Dzerzinsk Way","Buenos Aires",334,9599,330838016880
108,1,TRACY,COLE,TRACY.COLE@sakilacustomer.org,112,"1002 Ahmadnagar Manor",Mxico,213,93026,371490777743
109,2,EDNA,WEST,EDNA.WEST@sakilacustomer.org,113,"682 Junan Way","North West",273,30418,622255216127
110,2,TIFFANY,JORDAN,TIFFANY.JORDAN@sakilacustomer.org,114,"804 Elista Drive",Hubei,159,61069,379804592943
111,1,CARMEN,OWENS,CARMEN.OWENS@sakilacustomer.org,115,"1378 Alvorada Avenue","Distrito Federal",102,75834,272234298332
112,2,ROSA,REYNOLDS,ROSA.REYNOLDS@sakilacustomer.org,116,"793 Cam Ranh Avenue",California,292,87057,824370924746
113,2,CINDY,FISHER,CINDY.FISHER@sakilacustomer.org,117,"1079 Tel Aviv-Jaffa Boulevard",Sucre,132,10885,358178933857
114,2,GRACE,ELLIS,GRACE.ELLIS@sakilacustomer.org,118,"442 Rae Bareli Place",Nordrhein-Westfalen,148,24321,886636413768
115,1,WENDY,HARRISON,WENDY.HARRISON@sakilacustomer.org,119,"1107 Nakhon Sawan Avenue",Mxico,365,75149,867546627903
116,1,VICTORIA,GIBSON,VICTORIA.GIBSON@sakilacustomer.org,120,"544 Malm Parkway","Central Java",403,63502,386759646229
117,1,EDITH,MCDONALD,EDITH.MCDONALD@sakilacustomer.org,121,"1967 Sincelejo Place",Gujarat,176,73644,577812616052
118,1,KIM,CRUZ,KIM.CRUZ@sakilacustomer.org,122,"333 Goinia Way",Texas,185,78625,909029256431
119,1,SHERRY,MARSHALL,SHERRY.MARSHALL@sakilacustomer.org,123,"1987 Coacalco de Berriozbal Loop",al-Qalyubiya,476,96065,787654415858
120,2,SYLVIA,ORTIZ,SYLVIA.ORTIZ@sakilacustomer.org,124,"241 Mosul Lane",Risaralda,147,76157,765345144779
121,1,JOSEPHINE,GOMEZ,JOSEPHINE.GOMEZ@sakilacustomer.org,125,"211 Chiayi Drive","Uttar Pradesh",164,58186,665993880048
122,1,THELMA,MURRAY,THELMA.MURRAY@sakilacustomer.org,126,"1175 Tanauan Way",Lima,305,64615,937222955822
123,2,SHANNON,FREEMAN,SHANNON.FREEMAN@sakilacustomer.org,127,"117 Boa Vista Way","Uttar Pradesh",566,6804,677976133614
124,1,SHEILA,WELLS,SHEILA.WELLS@sakilacustomer.org,128,"848 Tafuna Manor",Kütahya,281,45142,614935229095
125,1,ETHEL,WEBB,ETHEL.WEBB@sakilacustomer.org,129,"569 Baicheng Lane",Gauteng,85,60304,490211944645
126,1,ELLEN,SIMPSON,ELLEN.SIMPSON@sakilacustomer.org,130,"1666 Qomsheh Drive","São Paulo",410,66255,582835362905
127,2,ELAINE,STEVENS,ELAINE.STEVENS@sakilacustomer.org,131,"801 Hagonoy Drive",Smolensk,484,8439,237426099212
128,1,MARJORIE,TUCKER,MARJORIE.TUCKER@sakilacustomer.org,132,"1050 Garden Grove Avenue",Slaskie,236,4999,973047364353
129,1,CARRIE,PORTER,CARRIE.PORTER@sakilacustomer.org,133,"1854 Tieli Street",Shandong,302,15819,509492324775
130,1,CHARLOTTE,HUNTER,CHARLOTTE.HUNTER@sakilacustomer.org,134,"758 Junan Lane",Gois,190,82639,935448624185
131,2,MONICA,HICKS,MONICA.HICKS@sakilacustomer.org,135,"1752 So Leopoldo Parkway",Taka-Karpatia,345,14014,252265130067
132,2,ESTHER,CRAWFORD,ESTHER.CRAWFORD@sakilacustomer.org,136,"898 Belm Manor","Free State",87,49757,707169393853
133,1,PAULINE,HENRY,PAULINE.HENRY@sakilacustomer.org,137,"261 Saint Louis Way","Coahuila de Zaragoza",541,83401,321944036800
134,1,EMMA,BOYD,EMMA.BOYD@sakilacustomer.org,138,"765 Southampton Drive",al-Qalyubiya,421,4285,23712411567
135,2,JUANITA,MASON,JUANITA.MASON@sakilacustomer.org,139,"943 Johannesburg Avenue",Maharashtra,417,5892,90921003005
136,2,ANITA,MORALES,ANITA.MORALES@sakilacustomer.org,140,"788 Atinsk Street",Karnataka,211,81691,146497509724
137,2,RHONDA,KENNEDY,RHONDA.KENNEDY@sakilacustomer.org,141,"1749 Daxian Place",Gelderland,29,11044,963369996279
138,1,HAZEL,WARREN,HAZEL.WARREN@sakilacustomer.org,142,"1587 Sullana Lane","Inner Mongolia",207,85769,468060467018
139,1,AMBER,DIXON,AMBER.DIXON@sakilacustomer.org,143,"1029 Dzerzinsk Manor",Ynlin,542,57519,33173584456
140,1,EVA,RAMOS,EVA.RAMOS@sakilacustomer.org,144,"1666 Beni-Mellal Place",Tennessee,123,13377,9099941466
141,1,DEBBIE,REYES,DEBBIE.REYES@sakilacustomer.org,145,"928 Jaffna Loop",Hiroshima,172,93762,581852137991
142,1,APRIL,BURNS,APRIL.BURNS@sakilacustomer.org,146,"483 Ljubertsy Parkway",Scotland,149,60562,581174211853
143,1,LESLIE,GORDON,LESLIE.GORDON@sakilacustomer.org,147,"374 Bat Yam Boulevard",Kilis,266,97700,923261616249
144,1,CLARA,SHAW,CLARA.SHAW@sakilacustomer.org,148,"1027 Songkhla Manor",Minsk,340,30861,563660187896
145,1,LUCILLE,HOLMES,LUCILLE.HOLMES@sakilacustomer.org,149,"999 Sanaa Loop",Gauteng,491,3439,918032330119
146,1,JAMIE,RICE,JAMIE.RICE@sakilacustomer.org,150,"879 Newcastle Way",Michigan,499,90732,206841104594
147,2,JOANNE,ROBERTSON,JOANNE.ROBERTSON@sakilacustomer.org,151,"1337 Lincoln Parkway",Saitama,555,99457,597815221267
148,1,ELEANOR,HUNT,ELEANOR.HUNT@sakilacustomer.org,152,"1952 Pune Lane",Saint-Denis,442,92150,354615066969
149,1,VALERIE,BLACK,VALERIE.BLACK@sakilacustomer.org,153,"782 Mosul Street",Massachusetts,94,25545,885899703621
150,2,DANIELLE,DANIELS,DANIELLE.DANIELS@sakilacustomer.org,154,"781 Shimonoseki Drive","Michoacn de Ocampo",202,95444,632316273199
151,2,MEGAN,PALMER,MEGAN.PALMER@sakilacustomer.org,155,"1560 Jelets Boulevard",Shandong,291,77777,189446090264
152,1,ALICIA,MILLS,ALICIA.MILLS@sakilacustomer.org,156,"1963 Moscow Place",Assam,354,64863,761379480249
153,2,SUZANNE,NICHOLS,SUZANNE.NICHOLS@sakilacustomer.org,157,"456 Escobar Way","Jakarta Raya",232,36061,719202533520
154,2,MICHELE,GRANT,MICHELE.GRANT@sakilacustomer.org,158,"798 Cianjur Avenue",Shanxi,590,76990,499408708580
155,1,GAIL,KNIGHT,GAIL.KNIGHT@sakilacustomer.org,159,"185 Novi Sad Place",Bern,72,41778,904253967161
156,1,BERTHA,FERGUSON,BERTHA.FERGUSON@sakilacustomer.org,160,"1367 Yantai Manor","Ondo & Ekiti",381,21294,889538496300
157,2,DARLENE,ROSE,DARLENE.ROSE@sakilacustomer.org,161,"1386 Nakhon Sawan Boulevard",Pyongyang-si,420,53502,368899174225
158,1,VERONICA,STONE,VERONICA.STONE@sakilacustomer.org,162,"369 Papeete Way","North Carolina",187,66639,170117068815
159,1,JILL,HAWKINS,JILL.HAWKINS@sakilacustomer.org,163,"1440 Compton Place","North Austria",307,81037,931059836497
160,2,ERIN,DUNN,ERIN.DUNN@sakilacustomer.org,164,"1623 Baha Blanca Manor",Moskova,310,81511,149981248346
161,1,GERALDINE,PERKINS,GERALDINE.PERKINS@sakilacustomer.org,165,"97 Shimoga Avenue","Tel Aviv",533,44660,177167004331
162,2,LAUREN,HUDSON,LAUREN.HUDSON@sakilacustomer.org,166,"1740 Le Mans Loop","Pays de la Loire",297,22853,168476538960
163,1,CATHY,SPENCER,CATHY.SPENCER@sakilacustomer.org,167,"1287 Xi´angfan Boulevard",Gifu,253,57844,819416131190
164,2,JOANN,GARDNER,JOANN.GARDNER@sakilacustomer.org,168,"842 Salzburg Lane",Adana,529,3313,697151428760
165,2,LORRAINE,STEPHENS,LORRAINE.STEPHENS@sakilacustomer.org,169,"154 Tallahassee Loop",Xinxiang,199,62250,935508855935
166,1,LYNN,PAYNE,LYNN.PAYNE@sakilacustomer.org,170,"710 San Felipe del Progreso Avenue",Lilongwe,304,76901,843801144113
167,2,SALLY,PIERCE,SALLY.PIERCE@sakilacustomer.org,171,"1540 Wroclaw Drive",Maharashtra,107,62686,182363341674
168,1,REGINA,BERRY,REGINA.BERRY@sakilacustomer.org,172,"475 Atinsk Way",Gansu,240,59571,201705577290
169,2,ERICA,MATTHEWS,ERICA.MATTHEWS@sakilacustomer.org,173,"1294 Firozabad Drive",Ji´angxi,407,70618,161801569569
170,1,BEATRICE,ARNOLD,BEATRICE.ARNOLD@sakilacustomer.org,174,"1877 Ezhou Lane",Rajasthan,550,63337,264541743403
171,2,DOLORES,WAGNER,DOLORES.WAGNER@sakilacustomer.org,175,"316 Uruapan Street",Perak,223,58194,275788967899
172,1,BERNICE,WILLIS,BERNICE.WILLIS@sakilacustomer.org,176,"29 Pyongyang Loop",Batman,58,47753,734780743462
173,1,AUDREY,RAY,AUDREY.RAY@sakilacustomer.org,177,"1010 Klerksdorp Way",Steiermark,186,6802,493008546874
174,2,YVONNE,WATKINS,YVONNE.WATKINS@sakilacustomer.org,178,"1848 Salala Boulevard",Miranda,373,25220,48265851133
175,1,ANNETTE,OLSON,ANNETTE.OLSON@sakilacustomer.org,179,"431 Xi´angtan Avenue",Kerala,18,4854,230250973122
176,1,JUNE,CARROLL,JUNE.CARROLL@sakilacustomer.org,180,"757 Rustenburg Avenue",Skikda,483,89668,506134035434
177,2,SAMANTHA,DUNCAN,SAMANTHA.DUNCAN@sakilacustomer.org,181,"146 Johannesburg Way",Tamaulipas,330,54132,953689007081
178,2,MARION,SNYDER,MARION.SNYDER@sakilacustomer.org,182,"1891 Rizhao Boulevard","São Paulo",456,47288,391065549876
179,1,DANA,HART,DANA.HART@sakilacustomer.org,183,"1089 Iwatsuki Avenue",Kirov,270,35109,866092335135
180,2,STACY,CUNNINGHAM,STACY.CUNNINGHAM@sakilacustomer.org,184,"1410 Benin City Parkway",Risaralda,405,29747,104150372603
181,2,ANA,BRADLEY,ANA.BRADLEY@sakilacustomer.org,185,"682 Garden Grove Place",Tennessee,333,67497,72136330362
182,1,RENEE,LANE,RENEE.LANE@sakilacustomer.org,186,"533 al-Ayn Boulevard",California,126,8862,662227486184
183,2,IDA,ANDREWS,IDA.ANDREWS@sakilacustomer.org,187,"1839 Szkesfehrvr Parkway",Gois,317,55709,947468818183
184,1,VIVIAN,RUIZ,VIVIAN.RUIZ@sakilacustomer.org,188,"741 Ambattur Manor",Noord-Brabant,438,43310,302590383819
185,1,ROBERTA,HARPER,ROBERTA.HARPER@sakilacustomer.org,189,"927 Barcelona Street","Chaharmahal va Bakht",467,65121,951486492670
186,2,HOLLY,FOX,HOLLY.FOX@sakilacustomer.org,190,"435 0 Way","West Bengali",195,74750,760171523969
187,2,BRITTANY,RILEY,BRITTANY.RILEY@sakilacustomer.org,191,"140 Chiayi Parkway",Sumy,506,38982,855863906434
188,1,MELANIE,ARMSTRONG,MELANIE.ARMSTRONG@sakilacustomer.org,192,"1166 Changhwa Street",Caraga,62,58852,650752094490
189,1,LORETTA,CARPENTER,LORETTA.CARPENTER@sakilacustomer.org,193,"891 Novi Sad Manor",Ontario,383,5379,247646995453
190,2,YOLANDA,WEAVER,YOLANDA.WEAVER@sakilacustomer.org,194,"605 Rio Claro Parkway",Tabora,513,49348,352469351088
191,1,JEANETTE,GREENE,JEANETTE.GREENE@sakilacustomer.org,195,"1077 San Felipe de Puerto Plata Place",Rostov-na-Donu,369,65387,812824036424
192,1,LAURIE,LAWRENCE,LAURIE.LAWRENCE@sakilacustomer.org,196,"9 San Miguel de Tucumn Manor","Uttar Pradesh",169,90845,956188728558
193,2,KATIE,ELLIOTT,KATIE.ELLIOTT@sakilacustomer.org,197,"447 Surakarta Loop",Nyanza,271,10428,940830176580
194,2,KRISTEN,CHAVEZ,KRISTEN.CHAVEZ@sakilacustomer.org,198,"345 Oshawa Boulevard",Tokyo-to,204,32114,104491201771
195,1,VANESSA,SIMS,VANESSA.SIMS@sakilacustomer.org,199,"1792 Valle de la Pascua Place",Nordrhein-Westfalen,477,15540,419419591240
196,1,ALMA,AUSTIN,ALMA.AUSTIN@sakilacustomer.org,200,"1074 Binzhou Manor",Baden-Wrttemberg,325,36490,331132568928
197,2,SUE,PETERS,SUE.PETERS@sakilacustomer.org,201,"817 Bradford Loop",Ji´angsu,109,89459,264286442804
198,2,ELSIE,KELLEY,ELSIE.KELLEY@sakilacustomer.org,202,"955 Bamenda Way","Ondo & Ekiti",218,1545,768481779568
199,2,BETH,FRANKLIN,BETH.FRANKLIN@sakilacustomer.org,203,"1149 A Corua (La Corua) Boulevard",Haiphong,194,95824,470884141195
200,2,JEANNE,LAWSON,JEANNE.LAWSON@sakilacustomer.org,204,"387 Mwene-Ditu Drive",Ahal,35,8073,764477681869
201,1,VICKI,FIELDS,VICKI.FIELDS@sakilacustomer.org,205,"68 Molodetno Manor",Nordrhein-Westfalen,575,4662,146640639760
202,2,CARLA,GUTIERREZ,CARLA.GUTIERREZ@sakilacustomer.org,206,"642 Nador Drive",Maharashtra,77,3924,369050085652
203,1,TARA,RYAN,TARA.RYAN@sakilacustomer.org,207,"1688 Nador Lane","Sulawesi Utara",184,61613,652218196731
204,1,ROSEMARY,SCHMIDT,ROSEMARY.SCHMIDT@sakilacustomer.org,208,"1215 Pyongyang Parkway",Usak,557,25238,646237101779
205,2,EILEEN,CARR,EILEEN.CARR@sakilacustomer.org,209,"1679 Antofagasta Street","Alto Paran",122,86599,905903574913
206,1,TERRI,VASQUEZ,TERRI.VASQUEZ@sakilacustomer.org,210,"1304 ´s-Hertogenbosch Way","Santa Catarina",83,10925,90336226227
207,1,GERTRUDE,CASTILLO,GERTRUDE.CASTILLO@sakilacustomer.org,211,"850 Salala Loop",Kitaa,371,10800,403404780639
208,1,LUCY,WHEELER,LUCY.WHEELER@sakilacustomer.org,212,"624 Oshawa Boulevard","West Bengali",51,89959,49677664184
209,2,TONYA,CHAPMAN,TONYA.CHAPMAN@sakilacustomer.org,213,"43 Dadu Avenue",Rajasthan,74,4855,95666951770
210,2,ELLA,OLIVER,ELLA.OLIVER@sakilacustomer.org,214,"751 Lima Loop",Aden,7,99405,756460337785
211,1,STACEY,MONTGOMERY,STACEY.MONTGOMERY@sakilacustomer.org,215,"1333 Haldia Street",Jilin,174,82161,408304391718
212,2,WILMA,RICHARDS,WILMA.RICHARDS@sakilacustomer.org,216,"660 Jedda Boulevard",Washington,65,25053,168758068397
213,1,GINA,WILLIAMSON,GINA.WILLIAMSON@sakilacustomer.org,217,"1001 Miyakonojo Lane",Taizz,518,67924,584316724815
214,1,KRISTIN,JOHNSTON,KRISTIN.JOHNSTON@sakilacustomer.org,218,"226 Brest Manor",California,508,2299,785881412500
215,2,JESSIE,BANKS,JESSIE.BANKS@sakilacustomer.org,219,"1229 Valencia Parkway",Haskovo,498,99124,352679173732
216,1,NATALIE,MEYER,NATALIE.MEYER@sakilacustomer.org,220,"1201 Qomsheh Manor",Gois,28,21464,873492228462
217,2,AGNES,BISHOP,AGNES.BISHOP@sakilacustomer.org,221,"866 Shivapuri Manor","Uttar Pradesh",448,22474,778502731092
218,1,VERA,MCCOY,VERA.MCCOY@sakilacustomer.org,222,"1168 Najafabad Parkway",Kabol,251,40301,886649065861
219,2,WILLIE,HOWELL,WILLIE.HOWELL@sakilacustomer.org,223,"1244 Allappuzha (Alleppey) Place","Buenos Aires",567,20657,991802825778
220,2,CHARLENE,ALVAREZ,CHARLENE.ALVAREZ@sakilacustomer.org,224,"1842 Luzinia Boulevard","Zanzibar West",593,94420,706878974831
221,1,BESSIE,MORRISON,BESSIE.MORRISON@sakilacustomer.org,225,"1926 Gingoog Street",Sisilia,511,22824,469738825391
222,2,DELORES,HANSEN,DELORES.HANSEN@sakilacustomer.org,226,"810 Palghat (Palakkad) Boulevard",Jaroslavl,235,73431,516331171356
223,1,MELINDA,FERNANDEZ,MELINDA.FERNANDEZ@sakilacustomer.org,227,"1820 Maring Parkway",Punjab,324,88307,99760893676
224,2,PEARL,GARZA,PEARL.GARZA@sakilacustomer.org,228,"60 Poos de Caldas Street",Rajasthan,243,82338,963063788669
225,1,ARLENE,HARVEY,ARLENE.HARVEY@sakilacustomer.org,229,"1014 Loja Manor","Tamil Nadu",22,66851,460795526514
226,2,MAUREEN,LITTLE,MAUREEN.LITTLE@sakilacustomer.org,230,"201 Effon-Alaiye Way",Asunción,37,64344,684192903087
227,1,COLLEEN,BURTON,COLLEEN.BURTON@sakilacustomer.org,231,"430 Alessandria Loop",Saarland,439,47446,669828224459
228,2,ALLISON,STANLEY,ALLISON.STANLEY@sakilacustomer.org,232,"754 Valencia Place","Phnom Penh",406,87911,594319417514
229,1,TAMARA,NGUYEN,TAMARA.NGUYEN@sakilacustomer.org,233,"356 Olomouc Manor",Gois,26,93323,22326410776
230,2,JOY,GEORGE,JOY.GEORGE@sakilacustomer.org,234,"1256 Bislig Boulevard",Botosani,86,50598,479007229460
231,1,GEORGIA,JACOBS,GEORGIA.JACOBS@sakilacustomer.org,235,"954 Kimchon Place","West Bengali",559,42420,541327526474
232,2,CONSTANCE,REID,CONSTANCE.REID@sakilacustomer.org,236,"885 Yingkou Manor",Kaduna,596,31390,588964509072
233,2,LILLIE,KIM,LILLIE.KIM@sakilacustomer.org,237,"1736 Cavite Place",Qina,216,98775,431770603551
234,1,CLAUDIA,FULLER,CLAUDIA.FULLER@sakilacustomer.org,238,"346 Skikda Parkway",Hawalli,233,90628,630424482919
235,1,JACKIE,LYNCH,JACKIE.LYNCH@sakilacustomer.org,239,"98 Stara Zagora Boulevard",Valle,96,76448,610173756082
236,1,MARCIA,DEAN,MARCIA.DEAN@sakilacustomer.org,240,"1479 Rustenburg Boulevard","Southern Tagalog",527,18727,727785483194
237,1,TANYA,GILBERT,TANYA.GILBERT@sakilacustomer.org,241,"647 A Corua (La Corua) Street",Chollanam,357,36971,792557457753
238,1,NELLIE,GARRETT,NELLIE.GARRETT@sakilacustomer.org,242,"1964 Gijn Manor",Karnataka,473,14408,918119601885
239,2,MINNIE,ROMERO,MINNIE.ROMERO@sakilacustomer.org,243,"47 Syktyvkar Lane","West Java",118,22236,63937119031
240,1,MARLENE,WELCH,MARLENE.WELCH@sakilacustomer.org,244,"1148 Saarbrcken Parkway",Fukushima,226,1921,137773001988
241,2,HEIDI,LARSON,HEIDI.LARSON@sakilacustomer.org,245,"1103 Bilbays Parkway",Hubei,578,87660,279979529227
242,1,GLENDA,FRAZIER,GLENDA.FRAZIER@sakilacustomer.org,246,"1246 Boksburg Parkway",Hebei,422,28349,890283544295
243,1,LYDIA,BURKE,LYDIA.BURKE@sakilacustomer.org,247,"1483 Pathankot Street",Tucumn,454,37288,686015532180
244,2,VIOLA,HANSON,VIOLA.HANSON@sakilacustomer.org,248,"582 Papeete Loop","Central Visayas",294,27722,569868543137
245,1,COURTNEY,DAY,COURTNEY.DAY@sakilacustomer.org,249,"300 Junan Street",Kyonggi,553,81314,890289150158
246,1,MARIAN,MENDOZA,MARIAN.MENDOZA@sakilacustomer.org,250,"829 Grand Prairie Way",Paraná,328,6461,741070712873
247,1,STELLA,MORENO,STELLA.MORENO@sakilacustomer.org,251,"1473 Changhwa Parkway",Mxico,124,75933,266798132374
248,1,CAROLINE,BOWMAN,CAROLINE.BOWMAN@sakilacustomer.org,252,"1309 Weifang Street",Florida,520,57338,435785045362
249,2,DORA,MEDINA,DORA.MEDINA@sakilacustomer.org,253,"1760 Oshawa Manor",Tianjin,535,38140,56257502250
250,2,JO,FOWLER,JO.FOWLER@sakilacustomer.org,254,"786 Stara Zagora Way","Oyo & Osun",390,98332,716256596301
251,2,VICKIE,BREWER,VICKIE.BREWER@sakilacustomer.org,255,"1966 Tonghae Street","Anhalt Sachsen",198,36481,567359279425
252,2,MATTIE,HOFFMAN,MATTIE.HOFFMAN@sakilacustomer.org,256,"1497 Yuzhou Drive",England,312,3433,246810237916
253,1,TERRY,CARLSON,TERRY.CARLSON@sakilacustomer.org,258,"752 Ondo Loop",Miyazaki,338,32474,134673576619
254,2,MAXINE,SILVA,MAXINE.SILVA@sakilacustomer.org,259,"1338 Zalantun Lane","Minas Gerais",413,45403,840522972766
255,2,IRMA,PEARSON,IRMA.PEARSON@sakilacustomer.org,260,"127 Iwakuni Boulevard","Central Luzon",192,20777,987442542471
256,2,MABEL,HOLLAND,MABEL.HOLLAND@sakilacustomer.org,261,"51 Laredo Avenue",Sagaing,342,68146,884536620568
257,2,MARSHA,DOUGLAS,MARSHA.DOUGLAS@sakilacustomer.org,262,"771 Yaound Manor",Sofala,64,86768,245477603573
258,1,MYRTLE,FLEMING,MYRTLE.FLEMING@sakilacustomer.org,263,"532 Toulon Street",Santiago,460,69517,46871694740
259,2,LENA,JENSEN,LENA.JENSEN@sakilacustomer.org,264,"1027 Banjul Place","West Bengali",197,50390,538241037443
260,1,CHRISTY,VARGAS,CHRISTY.VARGAS@sakilacustomer.org,265,"1158 Mandi Bahauddin Parkway",Shanxi,136,98484,276555730211
261,1,DEANNA,BYRD,DEANNA.BYRD@sakilacustomer.org,266,"862 Xintai Lane","Cagayan Valley",548,30065,265153400632
262,2,PATSY,DAVIDSON,PATSY.DAVIDSON@sakilacustomer.org,267,"816 Cayenne Parkway",Manab,414,93629,282874611748
263,1,HILDA,HOPKINS,HILDA.HOPKINS@sakilacustomer.org,268,"1831 Nam Dinh Loop","National Capital Reg",323,51990,322888976727
264,1,GWENDOLYN,MAY,GWENDOLYN.MAY@sakilacustomer.org,269,"446 Kirovo-Tepetsk Lane",Osaka,203,19428,303967439816
265,2,JENNIE,TERRY,JENNIE.TERRY@sakilacustomer.org,270,"682 Halisahar Place","Severn Morava",378,20536,475553436330
266,2,NORA,HERRERA,NORA.HERRERA@sakilacustomer.org,271,"1587 Loja Manor",Salzburg,447,5410,621625204422
267,1,MARGIE,WADE,MARGIE.WADE@sakilacustomer.org,272,"1762 Paarl Parkway",Hunan,298,53928,192459639410
268,1,NINA,SOTO,NINA.SOTO@sakilacustomer.org,273,"1519 Ilorin Place",Kerala,395,49298,357445645426
269,1,CASSANDRA,WALTERS,CASSANDRA.WALTERS@sakilacustomer.org,274,"920 Kumbakonam Loop",California,446,75090,685010736240
270,1,LEAH,CURTIS,LEAH.CURTIS@sakilacustomer.org,275,"906 Goinia Way",Wielkopolskie,255,83565,701767622697
271,1,PENNY,NEAL,PENNY.NEAL@sakilacustomer.org,276,"1675 Xi´angfan Manor","Tamil Nadu",283,11763,271149517630
272,1,KAY,CALDWELL,KAY.CALDWELL@sakilacustomer.org,277,"85 San Felipe de Puerto Plata Drive",Shandong,584,46063,170739645687
273,2,PRISCILLA,LOWE,PRISCILLA.LOWE@sakilacustomer.org,278,"144 South Hill Loop",Guanajuato,445,2012,45387294817
274,1,NAOMI,JENNINGS,NAOMI.JENNINGS@sakilacustomer.org,279,"1884 Shikarpur Avenue",Haryana,263,85548,959949395183
275,2,CAROLE,BARNETT,CAROLE.BARNETT@sakilacustomer.org,280,"1980 Kamjanets-Podilskyi Street",Illinois,404,89502,874337098891
276,1,BRANDY,GRAVES,BRANDY.GRAVES@sakilacustomer.org,281,"1944 Bamenda Way",Michigan,573,24645,75975221996
277,2,OLGA,JIMENEZ,OLGA.JIMENEZ@sakilacustomer.org,282,"556 Baybay Manor","Oyo & Osun",374,55802,363982224739
278,2,BILLIE,HORTON,BILLIE.HORTON@sakilacustomer.org,283,"457 Tongliao Loop",Bursa,222,56254,880756161823
279,2,DIANNE,SHELTON,DIANNE.SHELTON@sakilacustomer.org,284,"600 Bradford Street","East Azerbaidzan",514,96204,117592274996
280,2,TRACEY,BARRETT,TRACEY.BARRETT@sakilacustomer.org,285,"1006 Santa Brbara dOeste Manor","Ondo & Ekiti",389,36229,85059738746
281,2,LEONA,OBRIEN,LEONA.OBRIEN@sakilacustomer.org,286,"1308 Sumy Loop",Fujian,175,30657,583021225407
282,2,JENNY,CASTRO,JENNY.CASTRO@sakilacustomer.org,287,"1405 Chisinau Place",Ponce,411,8160,62781725285
283,1,FELICIA,SUTTON,FELICIA.SUTTON@sakilacustomer.org,288,"226 Halifax Street",Xinxiang,277,58492,790651020929
284,1,SONIA,GREGORY,SONIA.GREGORY@sakilacustomer.org,289,"1279 Udine Parkway","Edo & Delta",69,75860,195003555232
285,1,MIRIAM,MCKINNEY,MIRIAM.MCKINNEY@sakilacustomer.org,290,"1336 Benin City Drive",Shiga,386,46044,341242939532
286,1,VELMA,LUCAS,VELMA.LUCAS@sakilacustomer.org,291,"1155 Liaocheng Place","Oyo & Osun",152,22650,558236142492
287,2,BECKY,MILES,BECKY.MILES@sakilacustomer.org,292,"1993 Tabuk Lane","Tamil Nadu",522,64221,648482415405
288,1,BOBBIE,CRAIG,BOBBIE.CRAIG@sakilacustomer.org,293,"86 Higashiosaka Lane",Guanajuato,563,33768,957128697225
289,1,VIOLET,RODRIQUEZ,VIOLET.RODRIQUEZ@sakilacustomer.org,294,"1912 Allende Manor","Kowloon and New Kowl",279,58124,172262454487
290,1,KRISTINA,CHAMBERS,KRISTINA.CHAMBERS@sakilacustomer.org,295,"544 Tarsus Boulevard",Gurico,562,53145,892523334
291,1,TONI,HOLT,TONI.HOLT@sakilacustomer.org,296,"1936 Cuman Avenue",Virginia,433,61195,976798660411
292,2,MISTY,LAMBERT,MISTY.LAMBERT@sakilacustomer.org,297,"1192 Tongliao Street",Sharja,470,19065,350970907017
293,2,MAE,FLETCHER,MAE.FLETCHER@sakilacustomer.org,298,"44 Najafabad Way",Baskimaa,146,61391,96604821070
294,2,SHELLY,WATTS,SHELLY.WATTS@sakilacustomer.org,299,"32 Pudukkottai Lane",Ohio,140,38834,967274728547
295,1,DAISY,BATES,DAISY.BATES@sakilacustomer.org,300,"661 Chisinau Lane",Pietari,274,8856,816436065431
296,2,RAMONA,HALE,RAMONA.HALE@sakilacustomer.org,301,"951 Stara Zagora Manor",Punjab,400,98573,429925609431
297,1,SHERRI,RHODES,SHERRI.RHODES@sakilacustomer.org,302,"922 Vila Velha Loop",Maharashtra,9,4085,510737228015
298,1,ERIKA,PENA,ERIKA.PENA@sakilacustomer.org,303,"898 Jining Lane",Pohjois-Pohjanmaa,387,40070,161643343536
299,2,JAMES,GANNON,JAMES.GANNON@sakilacustomer.org,304,"1635 Kuwana Boulevard",Hiroshima,205,52137,710603868323
300,1,JOHN,FARNSWORTH,JOHN.FARNSWORTH@sakilacustomer.org,305,"41 El Alto Parkway",Maharashtra,398,56883,51917807050
301,2,ROBERT,BAUGHMAN,ROBERT.BAUGHMAN@sakilacustomer.org,306,"1883 Maikop Lane",Kaliningrad,254,68469,96110042435
302,1,MICHAEL,SILVERMAN,MICHAEL.SILVERMAN@sakilacustomer.org,307,"1908 Gaziantep Place",Liaoning,536,58979,108053751300
303,2,WILLIAM,SATTERFIELD,WILLIAM.SATTERFIELD@sakilacustomer.org,308,"687 Alessandria Parkway",Sanaa,455,57587,407218522294
304,2,DAVID,ROYAL,DAVID.ROYAL@sakilacustomer.org,309,"827 Yuncheng Drive",Callao,99,79047,504434452842
305,1,RICHARD,MCCRARY,RICHARD.MCCRARY@sakilacustomer.org,310,"913 Coacalco de Berriozbal Loop",Texas,33,42141,262088367001
306,1,CHARLES,KOWALSKI,CHARLES.KOWALSKI@sakilacustomer.org,311,"715 So Bernardo do Campo Lane",Kedah,507,84804,181179321332
307,2,JOSEPH,JOY,JOSEPH.JOY@sakilacustomer.org,312,"1354 Siegen Street","Rio de Janeiro",25,80184,573441801529
308,1,THOMAS,GRIGSBY,THOMAS.GRIGSBY@sakilacustomer.org,313,"1191 Sungai Petani Boulevard",Missouri,262,9668,983259819766
309,1,CHRISTOPHER,GRECO,CHRISTOPHER.GRECO@sakilacustomer.org,314,"1224 Huejutla de Reyes Boulevard",Lombardia,91,70923,806016930576
310,2,DANIEL,CABRAL,DANIEL.CABRAL@sakilacustomer.org,315,"543 Bergamo Avenue","Minas Gerais",215,59686,103602195112
311,2,PAUL,TROUT,PAUL.TROUT@sakilacustomer.org,316,"746 Joliet Lane",Kursk,286,94878,688485191923
312,2,MARK,RINEHART,MARK.RINEHART@sakilacustomer.org,317,"780 Kimberley Way",Tabuk,515,17032,824396883951
313,2,DONALD,MAHON,DONALD.MAHON@sakilacustomer.org,318,"1774 Yaound Place",Hubei,166,91400,613124286867
314,1,GEORGE,LINTON,GEORGE.LINTON@sakilacustomer.org,319,"1957 Yantai Lane","São Paulo",490,59255,704948322302
315,2,KENNETH,GOODEN,KENNETH.GOODEN@sakilacustomer.org,320,"1542 Lubumbashi Boulevard","Tel Aviv",57,62472,508800331065
316,1,STEVEN,CURLEY,STEVEN.CURLEY@sakilacustomer.org,321,"651 Pathankot Loop",Maharashtra,336,59811,139378397418
317,2,EDWARD,BAUGH,EDWARD.BAUGH@sakilacustomer.org,322,"1359 Zhoushan Parkway",Streymoyar,545,29763,46568045367
318,1,BRIAN,WYMAN,BRIAN.WYMAN@sakilacustomer.org,323,"1769 Iwaki Lane",Kujawsko-Pomorskie,97,25787,556100547674
319,2,RONALD,WEINER,RONALD.WEINER@sakilacustomer.org,324,"1145 Vilnius Manor",Mxico,451,73170,674805712553
320,2,ANTHONY,SCHWAB,ANTHONY.SCHWAB@sakilacustomer.org,325,"1892 Nabereznyje Telny Lane",Tutuila,516,28396,478229987054
321,1,KEVIN,SCHULER,KEVIN.SCHULER@sakilacustomer.org,326,"470 Boksburg Street",Central,81,97960,908029859266
322,1,JASON,MORRISSEY,JASON.MORRISSEY@sakilacustomer.org,327,"1427 A Corua (La Corua) Place","Buenos Aires",45,85799,972574862516
323,2,MATTHEW,MAHAN,MATTHEW.MAHAN@sakilacustomer.org,328,"479 San Felipe del Progreso Avenue",Morelos,130,54949,869051782691
324,2,GARY,COY,GARY.COY@sakilacustomer.org,329,"867 Benin City Avenue",Henan,591,78543,168884817145
325,1,TIMOTHY,BUNN,TIMOTHY.BUNN@sakilacustomer.org,330,"981 Kumbakonam Place","Distrito Federal",89,87611,829116184079
326,1,JOSE,ANDREW,JOSE.ANDREW@sakilacustomer.org,331,"1016 Iwakuni Street","St George",269,49833,961370847344
327,2,LARRY,THRASHER,LARRY.THRASHER@sakilacustomer.org,332,"663 Baha Blanca Parkway",Adana,5,33463,834418779292
328,2,JEFFREY,SPEAR,JEFFREY.SPEAR@sakilacustomer.org,333,"1860 Taguig Loop","West Java",119,59550,38158430589
329,2,FRANK,WAGGONER,FRANK.WAGGONER@sakilacustomer.org,334,"1816 Bydgoszcz Loop",Dhaka,234,64308,965273813662
330,1,SCOTT,SHELLEY,SCOTT.SHELLEY@sakilacustomer.org,335,"587 Benguela Manor",Illinois,42,91590,165450987037
331,1,ERIC,ROBERT,ERIC.ROBERT@sakilacustomer.org,336,"430 Kumbakonam Drive","Santa Fé",457,28814,105470691550
332,1,STEPHEN,QUALLS,STEPHEN.QUALLS@sakilacustomer.org,337,"1838 Tabriz Lane",Dhaka,143,1195,38988715447
333,2,ANDREW,PURDY,ANDREW.PURDY@sakilacustomer.org,338,"431 Szkesfehrvr Avenue",Baki,48,57828,119501405123
334,2,RAYMOND,MCWHORTER,RAYMOND.MCWHORTER@sakilacustomer.org,339,"503 Sogamoso Loop",Sumqayit,505,49812,834626715837
335,1,GREGORY,MAULDIN,GREGORY.MAULDIN@sakilacustomer.org,340,"507 Smolensk Loop",Sousse,492,22971,80303246192
336,1,JOSHUA,MARK,JOSHUA.MARK@sakilacustomer.org,341,"1920 Weifang Avenue","Uttar Pradesh",427,15643,869507847714
337,1,JERRY,JORDON,JERRY.JORDON@sakilacustomer.org,342,"124 al-Manama Way",Hiroshima,382,52368,647899404952
338,1,DENNIS,GILMAN,DENNIS.GILMAN@sakilacustomer.org,343,"1443 Mardan Street","Western Cape",392,31483,231383037471
339,2,WALTER,PERRYMAN,WALTER.PERRYMAN@sakilacustomer.org,344,"1909 Benguela Lane",Henan,581,19913,624138001031
340,1,PATRICK,NEWSOM,PATRICK.NEWSOM@sakilacustomer.org,345,"68 Ponce Parkway",Hanoi,201,85926,870635127812
341,1,PETER,MENARD,PETER.MENARD@sakilacustomer.org,346,"1217 Konotop Avenue",Gelderland,151,504,718917251754
342,1,HAROLD,MARTINO,HAROLD.MARTINO@sakilacustomer.org,347,"1293 Nam Dinh Way",Roraima,84,71583,697656479977
343,1,DOUGLAS,GRAF,DOUGLAS.GRAF@sakilacustomer.org,348,"785 Vaduz Street","Baja California",335,36170,895616862749
344,1,HENRY,BILLINGSLEY,HENRY.BILLINGSLEY@sakilacustomer.org,349,"1516 Escobar Drive",Tongatapu,370,46069,64536069371
345,1,CARL,ARTIS,CARL.ARTIS@sakilacustomer.org,350,"1628 Nagareyama Lane",Central,453,60079,20064292617
346,1,ARTHUR,SIMPKINS,ARTHUR.SIMPKINS@sakilacustomer.org,351,"1157 Nyeri Loop",Adygea,320,56380,262744791493
347,2,RYAN,SALISBURY,RYAN.SALISBURY@sakilacustomer.org,352,"1673 Tangail Drive",Daugavpils,137,26857,627924259271
348,2,ROGER,QUINTANILLA,ROGER.QUINTANILLA@sakilacustomer.org,353,"381 Kabul Way",Taipei,209,87272,55477302294
349,2,JOE,GILLILAND,JOE.GILLILAND@sakilacustomer.org,354,"953 Hodeida Street","Southern Tagalog",221,18841,53912826864
350,1,JUAN,FRALEY,JUAN.FRALEY@sakilacustomer.org,355,"469 Nakhon Sawan Street",Tuvassia,531,58866,689199636560
351,1,JACK,FOUST,JACK.FOUST@sakilacustomer.org,356,"1378 Beira Loop",Krasnojarsk,597,40792,840957664136
352,1,ALBERT,CROUSE,ALBERT.CROUSE@sakilacustomer.org,357,"1641 Changhwa Place",Nord-Ouest,52,37636,256546485220
353,1,JONATHAN,SCARBOROUGH,JONATHAN.SCARBOROUGH@sakilacustomer.org,358,"1698 Southport Loop",Hidalgo,393,49009,754358349853
354,2,JUSTIN,NGO,JUSTIN.NGO@sakilacustomer.org,359,"519 Nyeri Manor","São Paulo",461,37650,764680915323
355,2,TERRY,GRISSOM,TERRY.GRISSOM@sakilacustomer.org,360,"619 Hunuco Avenue",Shimane,331,81508,142596392389
356,2,GERALD,FULTZ,GERALD.FULTZ@sakilacustomer.org,361,"45 Aparecida de Goinia Place","Madhya Pradesh",464,7431,650496654258
357,1,KEITH,RICO,KEITH.RICO@sakilacustomer.org,362,"482 Kowloon and New Kowloon Manor",Bratislava,90,97056,738968474939
358,2,SAMUEL,MARLOW,SAMUEL.MARLOW@sakilacustomer.org,363,"604 Bern Place",Jharkhand,429,5373,620719383725
359,2,WILLIE,MARKHAM,WILLIE.MARKHAM@sakilacustomer.org,364,"1623 Kingstown Drive","Buenos Aires",20,91299,296394569728
360,2,RALPH,MADRIGAL,RALPH.MADRIGAL@sakilacustomer.org,365,"1009 Zanzibar Lane",Arecibo,32,64875,102396298916
361,2,LAWRENCE,LAWTON,LAWRENCE.LAWTON@sakilacustomer.org,366,"114 Jalib al-Shuyukh Manor",Centre,585,60440,845378657301
362,1,NICHOLAS,BARFIELD,NICHOLAS.BARFIELD@sakilacustomer.org,367,"1163 London Parkway",Par,66,6066,675120358494
363,2,ROY,WHITING,ROY.WHITING@sakilacustomer.org,368,"1658 Jastrzebie-Zdrj Loop",Central,372,96584,568367775448
364,1,BENJAMIN,VARNEY,BENJAMIN.VARNEY@sakilacustomer.org,369,"817 Laredo Avenue",Jalisco,188,77449,151249681135
365,2,BRUCE,SCHWARZ,BRUCE.SCHWARZ@sakilacustomer.org,370,"1565 Tangail Manor",Okinawa,377,45750,634445428822
366,1,BRANDON,HUEY,BRANDON.HUEY@sakilacustomer.org,371,"1912 Emeishan Drive",Balikesir,50,33050,99883471275
367,1,ADAM,GOOCH,ADAM.GOOCH@sakilacustomer.org,372,"230 Urawa Drive","Andhra Pradesh",8,2738,166898395731
368,1,HARRY,ARCE,HARRY.ARCE@sakilacustomer.org,373,"1922 Miraj Way",Esfahan,356,13203,320471479776
369,2,FRED,WHEAT,FRED.WHEAT@sakilacustomer.org,374,"433 Florencia Street",Chihuahua,250,91330,561729882725
370,2,WAYNE,TRUONG,WAYNE.TRUONG@sakilacustomer.org,375,"1049 Matamoros Parkway",Karnataka,191,69640,960505250340
371,1,BILLY,POULIN,BILLY.POULIN@sakilacustomer.org,376,"1061 Ede Avenue","Southern Tagalog",98,57810,333390595558
372,2,STEVE,MACKENZIE,STEVE.MACKENZIE@sakilacustomer.org,377,"154 Oshawa Manor","East Java",415,72771,440365973660
373,1,LOUIS,LEONE,LOUIS.LEONE@sakilacustomer.org,378,"1191 Tandil Drive","Southern Tagalog",523,6362,45554316010
374,2,JEREMY,HURTADO,JEREMY.HURTADO@sakilacustomer.org,379,"1133 Rizhao Avenue",Pernambuco,572,2800,600264533987
375,2,AARON,SELBY,AARON.SELBY@sakilacustomer.org,380,"1519 Santiago de los Caballeros Loop","East Kasai",348,22025,409315295763
376,1,RANDY,GAITHER,RANDY.GAITHER@sakilacustomer.org,381,"1618 Olomouc Manor",Kurgan,285,26385,96846695220
377,1,HOWARD,FORTNER,HOWARD.FORTNER@sakilacustomer.org,382,"220 Hidalgo Drive",Kermanshah,265,45298,342720754566
378,1,EUGENE,CULPEPPER,EUGENE.CULPEPPER@sakilacustomer.org,383,"686 Donostia-San Sebastin Lane",Guangdong,471,97390,71857599858
379,1,CARLOS,COUGHLIN,CARLOS.COUGHLIN@sakilacustomer.org,384,"97 Mogiljov Lane",Gujarat,73,89294,924815207181
380,1,RUSSELL,BRINSON,RUSSELL.BRINSON@sakilacustomer.org,385,"1642 Charlotte Amalie Drive",Slaskie,549,75442,821476736117
381,2,BOBBY,BOUDREAU,BOBBY.BOUDREAU@sakilacustomer.org,386,"1368 Maracabo Boulevard",NULL,493,32716,934352415130
382,2,VICTOR,BARKLEY,VICTOR.BARKLEY@sakilacustomer.org,387,"401 Sucre Boulevard","New Hampshire",322,25007,486395999608
383,1,MARTIN,BALES,MARTIN.BALES@sakilacustomer.org,388,"368 Hunuco Boulevard",Namibe,360,17165,106439158941
384,2,ERNEST,STEPP,ERNEST.STEPP@sakilacustomer.org,389,"500 Lincoln Parkway",Ji´angsu,210,95509,550306965159
385,1,PHILLIP,HOLM,PHILLIP.HOLM@sakilacustomer.org,390,"102 Chapra Drive",Ibaragi,521,14073,776031833752
386,1,TODD,TAN,TODD.TAN@sakilacustomer.org,391,"1793 Meixian Place",Hmelnytskyi,258,33535,619966287415
387,2,JESSE,SCHILLING,JESSE.SCHILLING@sakilacustomer.org,392,"514 Ife Way",Shaba,315,69973,900235712074
388,2,CRAIG,MORRELL,CRAIG.MORRELL@sakilacustomer.org,393,"717 Changzhou Lane","Southern Tagalog",104,21615,426255288071
389,1,ALAN,KAHN,ALAN.KAHN@sakilacustomer.org,394,"753 Ilorin Avenue",Sichuan,157,3656,464511145118
390,1,SHAWN,HEATON,SHAWN.HEATON@sakilacustomer.org,395,"1337 Mit Ghamr Avenue","Nakhon Sawan",358,29810,175283210378
391,1,CLARENCE,GAMEZ,CLARENCE.GAMEZ@sakilacustomer.org,396,"767 Pyongyang Drive",Osaka,229,83536,667736124769
392,2,SEAN,DOUGLASS,SEAN.DOUGLASS@sakilacustomer.org,397,"614 Pak Kret Street","Addis Abeba",6,27796,47808359842
393,1,PHILIP,CAUSEY,PHILIP.CAUSEY@sakilacustomer.org,398,"954 Lapu-Lapu Way",Moskova,278,8816,737229003916
394,2,CHRIS,BROTHERS,CHRIS.BROTHERS@sakilacustomer.org,399,"331 Bydgoszcz Parkway",Asturia,181,966,537374465982
395,2,JOHNNY,TURPIN,JOHNNY.TURPIN@sakilacustomer.org,400,"1152 Citrus Heights Manor",al-Qadarif,15,5239,765957414528
396,1,EARL,SHANKS,EARL.SHANKS@sakilacustomer.org,401,"168 Cianjur Manor",Saitama,228,73824,679095087143
397,1,JIMMY,SCHRADER,JIMMY.SCHRADER@sakilacustomer.org,402,"616 Hagonoy Avenue",Krasnojarsk,39,46043,604177838256
398,1,ANTONIO,MEEK,ANTONIO.MEEK@sakilacustomer.org,403,"1190 0 Place","Rio Grande do Sul",44,10417,841876514789
399,1,DANNY,ISOM,DANNY.ISOM@sakilacustomer.org,404,"734 Bchar Place",Punjab,375,30586,280578750435
400,2,BRYAN,HARDISON,BRYAN.HARDISON@sakilacustomer.org,405,"530 Lausanne Lane",Texas,135,11067,775235029633
401,2,TONY,CARRANZA,TONY.CARRANZA@sakilacustomer.org,406,"454 Patiala Lane",Fukushima,276,13496,794553031307
402,1,LUIS,YANEZ,LUIS.YANEZ@sakilacustomer.org,407,"1346 Mysore Drive",Bretagne,92,61507,516647474029
403,1,MIKE,WAY,MIKE.WAY@sakilacustomer.org,408,"990 Etawah Loop","Tamil Nadu",564,79940,206169448769
404,2,STANLEY,SCROGGINS,STANLEY.SCROGGINS@sakilacustomer.org,409,"1266 Laredo Parkway",Saitama,380,7664,1483365694
405,1,LEONARD,SCHOFIELD,LEONARD.SCHOFIELD@sakilacustomer.org,410,"88 Nagaon Manor","Buenos Aires",524,86868,779461480495
406,1,NATHAN,RUNYON,NATHAN.RUNYON@sakilacustomer.org,411,"264 Bhimavaram Manor","St Thomas",111,54749,302526949177
407,1,DALE,RATCLIFF,DALE.RATCLIFF@sakilacustomer.org,412,"1639 Saarbrcken Drive","North West",437,9827,328494873422
408,1,MANUEL,MURRELL,MANUEL.MURRELL@sakilacustomer.org,413,"692 Amroha Drive",Northern,230,35575,359478883004
409,2,RODNEY,MOELLER,RODNEY.MOELLER@sakilacustomer.org,414,"1936 Lapu-Lapu Parkway","Bauchi & Gombe",141,7122,653436985797
410,2,CURTIS,IRBY,CURTIS.IRBY@sakilacustomer.org,415,"432 Garden Grove Street",Ontario,430,65630,615964523510
411,1,NORMAN,CURRIER,NORMAN.CURRIER@sakilacustomer.org,416,"1445 Carmen Parkway","West Java",117,70809,598912394463
412,2,ALLEN,BUTTERFIELD,ALLEN.BUTTERFIELD@sakilacustomer.org,417,"791 Salinas Street",Punjab,208,40509,129953030512
413,2,MARVIN,YEE,MARVIN.YEE@sakilacustomer.org,418,"126 Acua Parkway","West Bengali",71,58888,480039662421
414,1,VINCENT,RALSTON,VINCENT.RALSTON@sakilacustomer.org,419,"397 Sunnyvale Avenue",Guanajuato,19,55566,680851640676
415,1,GLENN,PULLEN,GLENN.PULLEN@sakilacustomer.org,420,"992 Klerksdorp Loop",Utrecht,23,33711,855290087237
416,2,JEFFERY,PINSON,JEFFERY.PINSON@sakilacustomer.org,421,"966 Arecibo Loop",Sind,134,94018,15273765306
417,1,TRAVIS,ESTEP,TRAVIS.ESTEP@sakilacustomer.org,422,"289 Santo Andr Manor",al-Sharqiya,16,72410,214976066017
418,2,JEFF,EAST,JEFF.EAST@sakilacustomer.org,423,"437 Chungho Drive","Puerto Plata",450,59489,491271355190
419,1,CHAD,CARBONE,CHAD.CARBONE@sakilacustomer.org,424,"1948 Bayugan Parkway",Bihar,264,60622,987306329957
420,1,JACOB,LANCE,JACOB.LANCE@sakilacustomer.org,425,"1866 al-Qatif Avenue",California,155,89420,546793516940
421,1,LEE,HAWKS,LEE.HAWKS@sakilacustomer.org,426,"1661 Abha Drive","Tamil Nadu",416,14400,270456873752
422,1,MELVIN,ELLINGTON,MELVIN.ELLINGTON@sakilacustomer.org,427,"1557 Cape Coral Parkway",Hubei,293,46875,368284120423
423,2,ALFRED,CASILLAS,ALFRED.CASILLAS@sakilacustomer.org,428,"1727 Matamoros Place",Sawhaj,465,78813,129673677866
424,2,KYLE,SPURLOCK,KYLE.SPURLOCK@sakilacustomer.org,429,"1269 Botosani Manor",Guangdong,468,47394,736517327853
425,2,FRANCIS,SIKES,FRANCIS.SIKES@sakilacustomer.org,430,"355 Vitria de Santo Anto Way",Oaxaca,452,81758,548003849552
426,1,BRADLEY,MOTLEY,BRADLEY.MOTLEY@sakilacustomer.org,431,"1596 Acua Parkway",Jharkhand,418,70425,157133457169
427,2,JESUS,MCCARTNEY,JESUS.MCCARTNEY@sakilacustomer.org,432,"259 Ipoh Drive","São Paulo",189,64964,419009857119
428,2,HERBERT,KRUGER,HERBERT.KRUGER@sakilacustomer.org,433,"1823 Hoshiarpur Lane",Komi,510,33191,307133768620
429,2,FREDERICK,ISBELL,FREDERICK.ISBELL@sakilacustomer.org,434,"1404 Taguig Drive",Okayama,547,87212,572068624538
430,1,RAY,HOULE,RAY.HOULE@sakilacustomer.org,435,"740 Udaipur Lane","Nizni Novgorod",150,33505,497288595103
431,2,JOEL,FRANCISCO,JOEL.FRANCISCO@sakilacustomer.org,436,"287 Cuautla Boulevard",Chuquisaca,501,72736,82619513349
432,1,EDWIN,BURK,EDWIN.BURK@sakilacustomer.org,437,"1766 Almirante Brown Street",KwaZulu-Natal,364,63104,617567598243
433,1,DON,BONE,DON.BONE@sakilacustomer.org,438,"596 Huixquilucan Place",Nampula,351,65892,342709348083
434,1,EDDIE,TOMLIN,EDDIE.TOMLIN@sakilacustomer.org,439,"1351 Aparecida de Goinia Parkway","Northern Mindanao",391,41775,959834530529
435,2,RICKY,SHELBY,RICKY.SHELBY@sakilacustomer.org,440,"722 Bradford Lane",Shandong,249,90920,746251338300
436,1,TROY,QUIGLEY,TROY.QUIGLEY@sakilacustomer.org,441,"983 Santa F Way","British Colombia",565,47472,145720452260
437,2,RANDALL,NEUMANN,RANDALL.NEUMANN@sakilacustomer.org,442,"1245 Ibirit Way","La Romana",290,40926,331888642162
438,1,BARRY,LOVELACE,BARRY.LOVELACE@sakilacustomer.org,443,"1836 Korla Parkway",Copperbelt,272,55405,689681677428
439,2,ALEXANDER,FENNELL,ALEXANDER.FENNELL@sakilacustomer.org,444,"231 Kaliningrad Place",Lombardia,70,57833,575081026569
440,1,BERNARD,COLBY,BERNARD.COLBY@sakilacustomer.org,445,"495 Bhimavaram Lane",Maharashtra,144,3,82088937724
441,1,MARIO,CHEATHAM,MARIO.CHEATHAM@sakilacustomer.org,446,"1924 Shimonoseki Drive",Batna,59,52625,406784385440
442,1,LEROY,BUSTAMANTE,LEROY.BUSTAMANTE@sakilacustomer.org,447,"105 Dzerzinsk Manor","Inner Mongolia",540,48570,240776414296
443,2,FRANCISCO,SKIDMORE,FRANCISCO.SKIDMORE@sakilacustomer.org,448,"614 Denizli Parkway","Rio Grande do Sul",486,29444,876491807547
444,2,MARCUS,HIDALGO,MARCUS.HIDALGO@sakilacustomer.org,449,"1289 Belm Boulevard",Tartumaa,530,88306,237368926031
445,1,MICHEAL,FORMAN,MICHEAL.FORMAN@sakilacustomer.org,450,"203 Tambaram Street","Buenos Aires",161,73942,411549550611
446,2,THEODORE,CULP,THEODORE.CULP@sakilacustomer.org,451,"1704 Tambaram Manor","West Bengali",554,2834,39463554936
447,1,CLIFFORD,BOWENS,CLIFFORD.BOWENS@sakilacustomer.org,452,"207 Cuernavaca Loop",Tatarstan,352,52671,782900030287
448,1,MIGUEL,BETANCOURT,MIGUEL.BETANCOURT@sakilacustomer.org,453,"319 Springs Loop",Baijeri,160,99552,72524459905
449,2,OSCAR,AQUINO,OSCAR.AQUINO@sakilacustomer.org,454,"956 Nam Dinh Manor",Kerman,481,21872,474047727727
450,1,JAY,ROBB,JAY.ROBB@sakilacustomer.org,455,"1947 Paarl Way","Central Java",509,23636,834061016202
451,1,JIM,REA,JIM.REA@sakilacustomer.org,456,"814 Simferopol Loop",Sinaloa,154,48745,524567129902
452,1,TOM,MILNER,TOM.MILNER@sakilacustomer.org,457,"535 Ahmadnagar Manor","Abu Dhabi",3,41136,985109775584
453,1,CALVIN,MARTEL,CALVIN.MARTEL@sakilacustomer.org,458,"138 Caracas Boulevard",Zulia,326,16790,974433019532
454,2,ALEX,GRESHAM,ALEX.GRESHAM@sakilacustomer.org,459,"251 Florencia Drive","Michoacn de Ocampo",556,16119,118011831565
455,2,JON,WILES,JON.WILES@sakilacustomer.org,460,"659 Gatineau Boulevard","La Paz",153,28587,205524798287
456,2,RONNIE,RICKETTS,RONNIE.RICKETTS@sakilacustomer.org,461,"1889 Valparai Way",Ziguinchor,600,75559,670370974122
457,2,BILL,GAVIN,BILL.GAVIN@sakilacustomer.org,462,"1485 Bratislava Place",Illinois,435,83183,924663855568
458,1,LLOYD,DOWD,LLOYD.DOWD@sakilacustomer.org,463,"935 Aden Boulevard","Central Java",532,64709,335052544020
459,1,TOMMY,COLLAZO,TOMMY.COLLAZO@sakilacustomer.org,464,"76 Kermanshah Manor",Esfahan,423,23343,762361821578
460,1,LEON,BOSTIC,LEON.BOSTIC@sakilacustomer.org,465,"734 Tanshui Avenue",Caquet,170,70664,366776723320
461,1,DEREK,BLAKELY,DEREK.BLAKELY@sakilacustomer.org,466,"118 Jaffna Loop","Northern Mindanao",182,10447,325526730021
462,2,WARREN,SHERROD,WARREN.SHERROD@sakilacustomer.org,467,"1621 Tongliao Avenue",Irkutsk,558,22173,209342540247
463,2,DARRELL,POWER,DARRELL.POWER@sakilacustomer.org,468,"1844 Usak Avenue","Nova Scotia",196,84461,164414772677
464,1,JEROME,KENYON,JEROME.KENYON@sakilacustomer.org,469,"1872 Toulon Loop",OHiggins,428,7939,928809465153
465,1,FLOYD,GANDY,FLOYD.GANDY@sakilacustomer.org,470,"1088 Ibirit Place",Jalisco,595,88502,49084281333
466,1,LEO,EBERT,LEO.EBERT@sakilacustomer.org,471,"1322 Mosul Parkway",Shandong,145,95400,268053970382
467,2,ALVIN,DELOACH,ALVIN.DELOACH@sakilacustomer.org,472,"1447 Chatsworth Place",Chihuahua,129,41545,769370126331
468,1,TIM,CARY,TIM.CARY@sakilacustomer.org,473,"1257 Guadalajara Street",Karnataka,78,33599,195337700615
469,2,WESLEY,BULL,WESLEY.BULL@sakilacustomer.org,474,"1469 Plock Lane",Galicia,388,95835,622884741180
470,1,GORDON,ALLARD,GORDON.ALLARD@sakilacustomer.org,475,"434 Ourense (Orense) Manor",Hodeida,206,14122,562370137426
471,1,DEAN,SAUER,DEAN.SAUER@sakilacustomer.org,476,"270 Tambaram Parkway",Gauteng,244,9668,248446668735
472,1,GREG,ROBINS,GREG.ROBINS@sakilacustomer.org,477,"1786 Salinas Place","Nam Ha",359,66546,206060652238
473,2,JORGE,OLIVARES,JORGE.OLIVARES@sakilacustomer.org,478,"1078 Stara Zagora Drive",Aceh,301,69221,932992626595
474,2,DUSTIN,GILLETTE,DUSTIN.GILLETTE@sakilacustomer.org,479,"1854 Okara Boulevard",Drenthe,158,42123,131912793873
475,2,PEDRO,CHESTNUT,PEDRO.CHESTNUT@sakilacustomer.org,480,"421 Yaound Street",Sumy,385,11363,726875628268
476,1,DERRICK,BOURQUE,DERRICK.BOURQUE@sakilacustomer.org,481,"1153 Allende Way",Québec,179,20336,856872225376
477,1,DAN,PAINE,DAN.PAINE@sakilacustomer.org,482,"808 Naala-Porto Parkway",England,500,41060,553452430707
478,1,LEWIS,LYMAN,LEWIS.LYMAN@sakilacustomer.org,483,"632 Usolje-Sibirskoje Parkway","Ha Darom",36,73085,667648979883
479,1,ZACHARY,HITE,ZACHARY.HITE@sakilacustomer.org,484,"98 Pyongyang Boulevard",Ohio,11,88749,191958435142
480,1,COREY,HAUSER,COREY.HAUSER@sakilacustomer.org,485,"984 Novoterkassk Loop",Gaziantep,180,28165,435118527255
481,1,HERMAN,DEVORE,HERMAN.DEVORE@sakilacustomer.org,486,"64 Korla Street",Mwanza,347,25145,510383179153
482,1,MAURICE,CRAWLEY,MAURICE.CRAWLEY@sakilacustomer.org,487,"1785 So Bernardo do Campo Street",Veracruz,125,71182,684529463244
483,2,VERNON,CHAPA,VERNON.CHAPA@sakilacustomer.org,488,"698 Jelets Boulevard",Denizli,142,2596,975185523021
484,1,ROBERTO,VU,ROBERTO.VU@sakilacustomer.org,489,"1297 Alvorada Parkway",Ningxia,587,11839,508348602835
485,1,CLYDE,TOBIAS,CLYDE.TOBIAS@sakilacustomer.org,490,"1909 Dayton Avenue",Guangdong,469,88513,702955450528
486,1,GLEN,TALBERT,GLEN.TALBERT@sakilacustomer.org,491,"1789 Saint-Denis Parkway","Coahuila de Zaragoza",4,8268,936806643983
487,2,HECTOR,POINDEXTER,HECTOR.POINDEXTER@sakilacustomer.org,492,"185 Mannheim Lane",Stavropol,408,23661,589377568313
488,2,SHANE,MILLARD,SHANE.MILLARD@sakilacustomer.org,493,"184 Mandaluyong Street","Baja California Sur",288,94239,488425406814
489,1,RICARDO,MEADOR,RICARDO.MEADOR@sakilacustomer.org,494,"591 Sungai Petani Drive",Okayama,376,46400,37247325001
490,1,SAM,MCDUFFIE,SAM.MCDUFFIE@sakilacustomer.org,495,"656 Matamoros Drive",Boyac,487,19489,17305839123
491,2,RICK,MATTOX,RICK.MATTOX@sakilacustomer.org,496,"775 ostka Drive",al-Daqahliya,337,22358,171973024401
492,2,LESTER,KRAUS,LESTER.KRAUS@sakilacustomer.org,497,"1013 Tabuk Boulevard","West Bengali",261,96203,158399646978
493,1,BRENT,HARKINS,BRENT.HARKINS@sakilacustomer.org,498,"319 Plock Parkway",Istanbul,504,26101,854259976812
494,2,RAMON,CHOATE,RAMON.CHOATE@sakilacustomer.org,499,"1954 Kowloon and New Kowloon Way",Chimborazo,434,63667,898559280434
495,2,CHARLIE,BESS,CHARLIE.BESS@sakilacustomer.org,500,"362 Rajkot Lane",Gansu,47,98030,962020153680
496,2,TYLER,WREN,TYLER.WREN@sakilacustomer.org,501,"1060 Tandil Lane",Shandong,432,72349,211256301880
497,2,GILBERT,SLEDGE,GILBERT.SLEDGE@sakilacustomer.org,502,"1515 Korla Way",England,589,57197,959467760895
498,1,GENE,SANBORN,GENE.SANBORN@sakilacustomer.org,503,"1416 San Juan Bautista Tuxtepec Avenue",Zufar,444,50592,144206758053
499,2,MARC,OUTLAW,MARC.OUTLAW@sakilacustomer.org,504,"1 Valle de Santiago Avenue",Apulia,93,86208,465897838272
500,1,REGINALD,KINDER,REGINALD.KINDER@sakilacustomer.org,505,"519 Brescia Parkway","East Java",318,69504,793996678771
501,1,RUBEN,GEARY,RUBEN.GEARY@sakilacustomer.org,506,"414 Mandaluyong Street",Lubelskie,314,16370,52709222667
502,1,BRETT,CORNWELL,BRETT.CORNWELL@sakilacustomer.org,507,"1197 Sokoto Boulevard","West Bengali",478,87687,868602816371
503,1,ANGEL,BARCLAY,ANGEL.BARCLAY@sakilacustomer.org,508,"496 Celaya Drive",Nagano,552,90797,759586584889
504,1,NATHANIEL,ADAM,NATHANIEL.ADAM@sakilacustomer.org,509,"786 Matsue Way",Illinois,245,37469,111177206479
505,1,RAFAEL,ABNEY,RAFAEL.ABNEY@sakilacustomer.org,510,"48 Maracabo Place","Central Luzon",519,1570,82671830126
506,2,LESLIE,SEWARD,LESLIE.SEWARD@sakilacustomer.org,511,"1152 al-Qatif Lane","Kalimantan Barat",412,44816,131370665218
507,2,EDGAR,RHOADS,EDGAR.RHOADS@sakilacustomer.org,512,"1269 Ipoh Avenue",Eskisehir,163,54674,402630109080
508,2,MILTON,HOWLAND,MILTON.HOWLAND@sakilacustomer.org,513,"758 Korolev Parkway","Andhra Pradesh",568,75474,441628280920
509,1,RAUL,FORTIER,RAUL.FORTIER@sakilacustomer.org,514,"1747 Rustenburg Place",Bihar,110,51369,442673923363
510,2,BEN,EASTER,BEN.EASTER@sakilacustomer.org,515,"886 Tonghae Place",Volgograd,259,19450,711928348157
511,1,CHESTER,BENNER,CHESTER.BENNER@sakilacustomer.org,516,"1574 Goinia Boulevard",Heilongjiang,502,39529,59634255214
512,1,CECIL,VINES,CECIL.VINES@sakilacustomer.org,517,"548 Uruapan Street",Ontario,312,35653,879347453467
513,2,DUANE,TUBBS,DUANE.TUBBS@sakilacustomer.org,519,"962 Tama Loop",NULL,583,65952,282667506728
514,2,FRANKLIN,TROUTMAN,FRANKLIN.TROUTMAN@sakilacustomer.org,520,"1778 Gijn Manor",Hubei,594,35156,288910576761
515,1,ANDRE,RAPP,ANDRE.RAPP@sakilacustomer.org,521,"568 Dhule (Dhulia) Loop",Coquimbo,127,92568,602101369463
516,2,ELMER,NOE,ELMER.NOE@sakilacustomer.org,522,"1768 Udine Loop",Battambang,60,32347,448876499197
517,2,BRAD,MCCURDY,BRAD.MCCURDY@sakilacustomer.org,523,"608 Birgunj Parkway",Taipei,116,400,627425618482
518,1,GABRIEL,HARDER,GABRIEL.HARDER@sakilacustomer.org,524,"680 A Corua (La Corua) Manor",Sivas,482,49806,158326114853
519,2,RON,DELUCA,RON.DELUCA@sakilacustomer.org,525,"1949 Sanya Street",Gumma,224,61244,132100972047
520,2,MITCHELL,WESTMORELAND,MITCHELL.WESTMORELAND@sakilacustomer.org,526,"617 Klerksdorp Place","Khanh Hoa",366,94707,574973479129
521,2,ROLAND,SOUTH,ROLAND.SOUTH@sakilacustomer.org,527,"1993 0 Loop",Liaoning,588,41214,25865528181
522,2,ARNOLD,HAVENS,ARNOLD.HAVENS@sakilacustomer.org,528,"1176 Southend-on-Sea Manor","Southern Tagalog",458,81651,236679267178
523,1,HARVEY,GUAJARDO,HARVEY.GUAJARDO@sakilacustomer.org,529,"600 Purnea (Purnia) Avenue","Nghe An",571,18043,638409958875
524,1,JARED,ELY,JARED.ELY@sakilacustomer.org,530,"1003 Qinhuangdao Street","West Java",419,25972,35533115997
525,2,ADRIAN,CLARY,ADRIAN.CLARY@sakilacustomer.org,531,"1986 Sivas Place","Friuli-Venezia Giuli",551,95775,182059202712
526,2,KARL,SEAL,KARL.SEAL@sakilacustomer.org,532,"1427 Tabuk Place",Florida,101,31342,214756839122
527,1,CORY,MEEHAN,CORY.MEEHAN@sakilacustomer.org,533,"556 Asuncin Way",Mogiljov,339,35364,338244023543
528,1,CLAUDE,HERZOG,CLAUDE.HERZOG@sakilacustomer.org,534,"486 Ondo Parkway",Benguela,67,35202,105882218332
529,2,ERIK,GUILLEN,ERIK.GUILLEN@sakilacustomer.org,535,"635 Brest Manor","Andhra Pradesh",75,40899,80593242951
530,2,DARRYL,ASHCRAFT,DARRYL.ASHCRAFT@sakilacustomer.org,536,"166 Jinchang Street","Buenos Aires",165,86760,717566026669
531,2,JAMIE,WAUGH,JAMIE.WAUGH@sakilacustomer.org,537,"958 Sagamihara Lane",Mie,287,88408,427274926505
532,2,NEIL,RENNER,NEIL.RENNER@sakilacustomer.org,538,"1817 Livorno Way","Khanh Hoa",100,79401,478380208348
533,1,JESSIE,MILAM,JESSIE.MILAM@sakilacustomer.org,539,"1332 Gaziantep Lane",Shandong,80,22813,383353187467
534,1,CHRISTIAN,JUNG,CHRISTIAN.JUNG@sakilacustomer.org,540,"949 Allende Lane","Uttar Pradesh",24,67521,122981120653
535,1,JAVIER,ELROD,JAVIER.ELROD@sakilacustomer.org,541,"195 Ilorin Street",Chari-Baguirmi,363,49250,8912935608
536,2,FERNANDO,CHURCHILL,FERNANDO.CHURCHILL@sakilacustomer.org,542,"193 Bhusawal Place",Kang-won,539,9750,745267607502
537,2,CLINTON,BUFORD,CLINTON.BUFORD@sakilacustomer.org,543,"43 Vilnius Manor",Colorado,42,79814,484500282381
538,2,TED,BREAUX,TED.BREAUX@sakilacustomer.org,544,"183 Haiphong Street",Jilin,46,69953,488600270038
539,1,MATHEW,BOLIN,MATHEW.BOLIN@sakilacustomer.org,545,"163 Augusta-Richmond County Loop",Carabobo,561,33030,754579047924
540,1,TYRONE,ASHER,TYRONE.ASHER@sakilacustomer.org,546,"191 Jos Azueta Parkway",Ruse,436,13629,932156667696
541,2,DARREN,WINDHAM,DARREN.WINDHAM@sakilacustomer.org,547,"379 Lublin Parkway",Toscana,309,74568,921960450089
542,2,LONNIE,TIRADO,LONNIE.TIRADO@sakilacustomer.org,548,"1658 Cuman Loop","Sumatera Selatan",396,51309,784907335610
543,1,LANCE,PEMBERTON,LANCE.PEMBERTON@sakilacustomer.org,549,"454 Qinhuangdao Drive",Tadla-Azilal,68,25866,786270036240
544,2,CODY,NOLEN,CODY.NOLEN@sakilacustomer.org,550,"1715 Okayama Street","São Paulo",485,55676,169352919175
545,2,JULIO,NOLAND,JULIO.NOLAND@sakilacustomer.org,551,"182 Nuku´alofa Drive",Sumy,275,15414,426346224043
546,1,KELLY,KNOTT,KELLY.KNOTT@sakilacustomer.org,552,"390 Wroclaw Way",Hainan,462,5753,357593328658
547,1,KURT,EMMONS,KURT.EMMONS@sakilacustomer.org,553,"1421 Quilmes Lane",Ishikawa,260,19151,135407755975
548,1,ALLAN,CORNISH,ALLAN.CORNISH@sakilacustomer.org,554,"947 Trshavn Place","Central Luzon",528,841,50898428626
549,1,NELSON,CHRISTENSON,NELSON.CHRISTENSON@sakilacustomer.org,555,"1764 Jalib al-Shuyukh Parkway",Galicia,459,77642,84794532510
550,2,GUY,BROWNLEE,GUY.BROWNLEE@sakilacustomer.org,556,"346 Cam Ranh Avenue",Zhejiang,599,39976,978430786151
551,2,CLAYTON,BARBEE,CLAYTON.BARBEE@sakilacustomer.org,557,"1407 Pachuca de Soto Place","Rio Grande do Sul",21,26284,380077794770
552,2,HUGH,WALDROP,HUGH.WALDROP@sakilacustomer.org,558,"904 Clarksville Drive",Zhejiang,193,52234,955349440539
553,1,MAX,PITT,MAX.PITT@sakilacustomer.org,559,"1917 Kumbakonam Parkway",Vojvodina,368,11892,698182547686
554,1,DWAYNE,OLVERA,DWAYNE.OLVERA@sakilacustomer.org,560,"1447 Imus Place",Gujarat,426,12905,62127829280
555,1,DWIGHT,LOMBARDI,DWIGHT.LOMBARDI@sakilacustomer.org,561,"1497 Fengshan Drive",KwaZulu-Natal,112,63022,368738360376
556,2,ARMANDO,GRUBER,ARMANDO.GRUBER@sakilacustomer.org,562,"869 Shikarpur Way",England,496,57380,590764256785
557,1,FELIX,GAFFNEY,FELIX.GAFFNEY@sakilacustomer.org,563,"1059 Yuncheng Avenue",Vilna,570,47498,107092893983
558,1,JIMMIE,EGGLESTON,JIMMIE.EGGLESTON@sakilacustomer.org,564,"505 Madiun Boulevard",Dolnoslaskie,577,97271,970638808606
559,2,EVERETT,BANDA,EVERETT.BANDA@sakilacustomer.org,565,"1741 Hoshiarpur Boulevard",al-Sharqiya,79,22372,855066328617
560,1,JORDAN,ARCHULETA,JORDAN.ARCHULETA@sakilacustomer.org,566,"1229 Varanasi (Benares) Manor","Buenos Aires",43,40195,817740355461
561,2,IAN,STILL,IAN.STILL@sakilacustomer.org,567,"1894 Boa Vista Way",Texas,178,77464,239357986667
562,1,WALLACE,SLONE,WALLACE.SLONE@sakilacustomer.org,568,"1342 Sharja Way","Sokoto & Kebbi & Zam",488,93655,946114054231
563,2,KEN,PREWITT,KEN.PREWITT@sakilacustomer.org,569,"1342 Abha Boulevard",Bukarest,95,10714,997453607116
564,2,BOB,PFEIFFER,BOB.PFEIFFER@sakilacustomer.org,570,"415 Pune Avenue",Shandong,580,44274,203202500108
565,2,JAIME,NETTLES,JAIME.NETTLES@sakilacustomer.org,571,"1746 Faaa Way",Huánuco,214,32515,863080561151
566,1,CASEY,MENA,CASEY.MENA@sakilacustomer.org,572,"539 Hami Way",Tokat,538,52196,525518075499
567,2,ALFREDO,MCADAMS,ALFREDO.MCADAMS@sakilacustomer.org,573,"1407 Surakarta Manor",Moskova,466,33224,324346485054
568,2,ALBERTO,HENNING,ALBERTO.HENNING@sakilacustomer.org,574,"502 Mandi Bahauddin Parkway",Anzotegui,55,15992,618156722572
569,2,DAVE,GARDINER,DAVE.GARDINER@sakilacustomer.org,575,"1052 Pathankot Avenue",Sichuan,299,77397,128499386727
570,2,IVAN,CROMWELL,IVAN.CROMWELL@sakilacustomer.org,576,"1351 Sousse Lane","Coahuila de Zaragoza",341,37815,203804046132
571,2,JOHNNIE,CHISHOLM,JOHNNIE.CHISHOLM@sakilacustomer.org,577,"1501 Pangkal Pinang Avenue",Mazowieckie,409,943,770864062795
572,1,SIDNEY,BURLESON,SIDNEY.BURLESON@sakilacustomer.org,578,"1405 Hagonoy Avenue",Slaskie,133,86587,867287719310
573,1,BYRON,BOX,BYRON.BOX@sakilacustomer.org,579,"521 San Juan Bautista Tuxtepec Place",Qaraghandy,598,95093,844018348565
574,2,JULIAN,VEST,JULIAN.VEST@sakilacustomer.org,580,"923 Tangail Boulevard",Tokyo-to,10,33384,315528269898
575,2,ISAAC,OGLESBY,ISAAC.OGLESBY@sakilacustomer.org,581,"186 Skikda Lane",Morelos,131,89422,14465669789
576,2,MORRIS,MCCARTER,MORRIS.MCCARTER@sakilacustomer.org,582,"1568 Celaya Parkway",Kaohsiung,168,34750,278669994384
577,2,CLIFTON,MALCOLM,CLIFTON.MALCOLM@sakilacustomer.org,583,"1489 Kakamigahara Lane",Taipei,526,98883,29341849811
578,2,WILLARD,LUMPKIN,WILLARD.LUMPKIN@sakilacustomer.org,584,"1819 Alessandria Loop",Campeche,103,53829,377633994405
579,2,DARYL,LARUE,DARYL.LARUE@sakilacustomer.org,585,"1208 Tama Loop",Ninawa,344,73605,954786054144
580,1,ROSS,GREY,ROSS.GREY@sakilacustomer.org,586,"951 Springs Lane","Central Mindanao",219,96115,165164761435
581,1,VIRGIL,WOFFORD,VIRGIL.WOFFORD@sakilacustomer.org,587,"760 Miyakonojo Drive",Guerrero,246,64682,294449058179
582,2,ANDY,VANHORN,ANDY.VANHORN@sakilacustomer.org,588,"966 Asuncin Way",Hidalgo,212,62703,995527378381
583,1,MARSHALL,THORN,MARSHALL.THORN@sakilacustomer.org,589,"1584 Ljubertsy Lane",England,494,22954,285710089439
584,2,SALVADOR,TEEL,SALVADOR.TEEL@sakilacustomer.org,590,"247 Jining Parkway",Banjul,54,53446,170115379190
585,1,PERRY,SWAFFORD,PERRY.SWAFFORD@sakilacustomer.org,591,"773 Dallas Manor","Buenos Aires",424,12664,914466027044
586,1,KIRK,STCLAIR,KIRK.STCLAIR@sakilacustomer.org,592,"1923 Stara Zagora Lane",Nantou,546,95179,182178609211
587,1,SERGIO,STANFIELD,SERGIO.STANFIELD@sakilacustomer.org,593,"1402 Zanzibar Boulevard",Guanajuato,106,71102,387448063440
588,1,MARION,OCAMPO,MARION.OCAMPO@sakilacustomer.org,594,"1464 Kursk Parkway",Shandong,574,17381,338758048786
589,1,TRACY,HERRMANN,TRACY.HERRMANN@sakilacustomer.org,595,"1074 Sanaa Parkway",Loja,311,22474,154124128457
590,2,SETH,HANNON,SETH.HANNON@sakilacustomer.org,596,"1759 Niznekamsk Avenue",al-Manama,14,39414,864392582257
591,1,KENT,ARSENAULT,KENT.ARSENAULT@sakilacustomer.org,597,"32 Liaocheng Way","Minas Gerais",248,1944,410877354933
592,1,TERRANCE,ROUSH,TERRANCE.ROUSH@sakilacustomer.org,598,"42 Fontana Avenue",Fejr,512,14684,437829801725
593,2,RENE,MCALISTER,RENE.MCALISTER@sakilacustomer.org,599,"1895 Zhezqazghan Drive",California,177,36693,137809746111
594,1,EDUARDO,HIATT,EDUARDO.HIATT@sakilacustomer.org,600,"1837 Kaduna Parkway","Inner Mongolia",241,82580,640843562301
595,1,TERRENCE,GUNDERSON,TERRENCE.GUNDERSON@sakilacustomer.org,601,"844 Bucuresti Place",Liaoning,242,36603,935952366111
596,1,ENRIQUE,FORSYTHE,ENRIQUE.FORSYTHE@sakilacustomer.org,602,"1101 Bucuresti Boulevard","West Greece",401,97661,199514580428
597,1,FREDDIE,DUGGAN,FREDDIE.DUGGAN@sakilacustomer.org,603,"1103 Quilmes Boulevard",Piura,503,52137,644021380889
598,1,WADE,DELVALLE,WADE.DELVALLE@sakilacustomer.org,604,"1331 Usak Boulevard",Vaud,296,61960,145308717464
599,2,AUSTIN,CINTRON,AUSTIN.CINTRON@sakilacustomer.org,605,"1325 Fukuyama Street",Heilongjiang,537,27107,288241215394
